<?xml version="1.0" encoding="UTF-8"?>
<project-private xmlns="http://www.netbeans.org/ns/project-private/1">
    <editor-bookmarks xmlns="http://www.netbeans.org/ns/editor-bookmarks/2" lastBookmarkId="0"/>
    <open-files xmlns="http://www.netbeans.org/ns/projectui-open-files/2">
        <group>
            <file>file:/C:/Users/Anderson/Documents/NetBeansProjects/P2/AvaliacaoN2/web/Estrutura.html</file>
            <file>file:/C:/Users/Anderson/Documents/NetBeansProjects/P2/AvaliacaoN2/src/java/br/femass/ds2/N2/modelo/Paciente.java</file>
            <file>file:/C:/Users/Anderson/Documents/NetBeansProjects/P2/AvaliacaoN2/src/conf/persistence.xml</file>
            <file>file:/C:/Users/Anderson/Documents/NetBeansProjects/P2/AvaliacaoN2/web/Paciente.jsp</file>
        </group>
    </open-files>
</project-private>
